제목,저자,가격,링크
,,,
,,,
,,,
,,,
소년이 온다,한강,"13,500",https://www.yes24.com/Product/Goods/13137546
채식주의자,한강,"13,500",https://www.yes24.com/Product/Goods/108422348
작별하지 않는다,한강,"15,120",https://www.yes24.com/Product/Goods/103495056
흰,한강,"13,050",https://www.yes24.com/Product/Goods/60524285
서랍에 저녁을 넣어 두었다,한강,"10,800",https://www.yes24.com/Product/Goods/11467936
희랍어 시간,한강,"11,700",https://www.yes24.com/Product/Goods/5926713
트렌드 코리아 2025,김난도,"18,000",https://www.yes24.com/Product/Goods/133213071
디 에센셜 한강,한강,"15,300",https://www.yes24.com/Product/Goods/119266745
"바람이 분다, 가라",한강,"12,600",https://www.yes24.com/Product/Goods/3720621
하루 한 장 나의 어휘력을 위한 필사 노트,유선경,"21,420",https://www.yes24.com/Product/Goods/125557465
고전이 답했다 마땅히 살아야 할 삶에 대하여,고명환,"15,120",https://www.yes24.com/Product/Goods/131930939
언젠가 우리가 같은 별을 바라본다면,차인표,"10,800",https://www.yes24.com/Product/Goods/104663596
여수의 사랑,한강,"14,400",https://www.yes24.com/Product/Goods/66752481
생각의 연금술,제임스 알렌,"17,820",https://www.yes24.com/Product/Goods/133312039
눈물 상자,한강,"9,000",https://www.yes24.com/Product/Goods/2956444
박태웅의 AI 강의 2025,박태웅,"16,920",https://www.yes24.com/Product/Goods/133308510
검은 사슴,한강,"13,950",https://www.yes24.com/Product/Goods/57665662
고양이 해결사 깜냥 7,홍민정,"12,600",https://www.yes24.com/Product/Goods/133870359
넥서스,유발 하라리,"25,020",https://www.yes24.com/Product/Goods/134602629
시대예보 : 호명사회,송길영,"19,800",https://www.yes24.com/Product/Goods/133236068
모순,양귀자,"11,700",https://www.yes24.com/Product/Goods/8759796
영원한 천국,정유정,"17,820",https://www.yes24.com/Product/Goods/132560712
노랑무늬영원,한강,"12,600",https://www.yes24.com/Product/Goods/66752479
가장 완벽한 세금 절세의 기술,염지훈,"18,000",https://www.yes24.com/Product/Goods/133819718
